iso_code,continent,location,date,total_cases,new_cases,new_cases_smoothed,total_deaths,new_deaths,new_deaths_smoothed,total_cases_per_million,new_cases_per_million,new_cases_smoothed_per_million,total_deaths_per_million,new_deaths_per_million,new_deaths_smoothed_per_million,new_tests,total_tests,total_tests_per_thousand,new_tests_per_thousand,new_tests_smoothed,new_tests_smoothed_per_thousand,tests_per_case,positive_rate,test_units,stringency_index,population,population_density,median_age,aged_65_older,aged_70_older,gdp_per_capita,extreme_poverty,cardiovasc_death_rate,diabetes_prevalence,female_smokers,male_smokers,handwashing_facilities,hospital_beds_per_thousand,life_expectancy,human_development_index
AFG,Asia,Afghanistan,9/23/2020,39145,71,41.429,1446,2,1.429,1005.57,1.824,1.064,37.145,0.051,0.037,37,0,0.037,0,0,0,0,0,,0,0,0,0,38928300,54.422,1803.987,2.581,1.337,1803.99,0,597.029,9.59,0,0,37.746
ALB,Europe,Albania,9/23/2020,12666,131,142,367,3,3.857,4401.28,45.521,49.343,127.528,1.042,1.34,128,1,1.34,0,0,0,0,0,,0,0,0,0,2877800,104.871,11803.431,13.188,8.643,11803.4,1.1,304.195,10.08,7.1,51.2,0
DZA,Africa,Algeria,9/23/2020,50214,191,211.429,1689,10,8.143,1145.1,4.356,4.822,38.517,0.228,0.186,39,0,0.186,0,0,0,0,0,,0,0,0,0,43851000,17.348,13913.839,6.211,3.857,13913.8,0.5,278.364,6.73,0.7,30.4,83.741
AND,Europe,Andorra,9/23/2020,1681,0,34.714,53,0,0,21756.3,0,449.289,685.951,0,0,686,0,0,0,0,0,0,0,,0,0,0,0,77265,163.755,40886.111,0,0,0,0,109.135,7.97,29,37.8,0
AGO,Africa,Angola,9/23/2020,4236,119,113.857,155,1,3,128.886,3.621,3.464,4.716,0.03,0.091,5,0,0.091,0,0,0,0,0,,0,0,0,0,32866300,23.89,5819.495,2.405,1.362,5819.5,0,276.045,3.94,0,0,26.664
AIA,North America,Anguilla,9/23/2020,3,0,0,0,0,0,199.973,0,0,0,0,0,0,0,0,0,0,0,0,0,,0,0,0,0,15002,0,19891.111,0,0,0,0,0,0,0,0,0
ATG,North America,Antigua and Barbuda,9/23/2020,96,0,0.143,3,0,0,980.312,0,1.459,30.635,0,0,31,0,0,0,0,0,0,0,,0,0,0,0,97928,231.845,21490.943,6.933,4.631,21490.9,0,191.511,13.17,0,0,0
ARG,South America,Argentina,9/23/2020,652161,12027,12389.9,13952,470,320.286,14429.7,266.109,274.137,308.701,10.399,7.087,309,10,7.087,0,0,0,0,0,,0,0,0,0,45195800,16.177,18933.907,11.198,7.441,18933.9,0.6,191.032,5.5,16.2,27.7,0
ARM,Asia,Armenia,9/23/2020,47667,115,221.143,938,2,2.571,16086.1,38.809,74.629,316.546,0.675,0.868,317,1,0.868,0,0,0,0,0,,0,0,0,0,2963230,102.931,8787.58,11.232,7.571,8787.58,1.8,341.01,7.11,1.5,52.1,94.043
ABW,North America,Aruba,9/23/2020,3665,78,73.286,25,1,0.429,34327.4,730.57,686.414,234.157,9.366,4.014,234,9,4.014,0,0,0,0,0,,0,0,0,0,106766,584.8,35973.781,13.085,7.452,35973.8,0,0,11.62,0,0,0
AUS,Oceania,Australia,9/23/2020,26942,30,29.143,854,3,5.429,1056.55,1.176,1.143,33.49,0.118,0.213,33,0,0.213,0,0,0,0,0,,0,0,0,0,25499900,3.202,44648.71,15.504,10.129,44648.7,0.5,107.791,5.07,13,16.5,0
AUT,Europe,Austria,9/23/2020,39897,747,736.143,771,4,2,4429.85,82.941,81.736,85.606,0.444,0.222,86,0,0.222,16617,1489260,165.356,1.845,15632,1.736,21.235,0,0,0,9006400,106.749,45436.686,19.202,13.748,45436.7,0.7,145.183,6.35,28.4,30.9,0
AZE,Asia,Azerbaijan,9/23/2020,39378,98,123,578,2,1.714,3883.75,9.665,12.131,57.007,0.197,0.169,57,0,0.169,0,0,0,0,0,,0,0,0,0,10139200,119.309,15847.419,6.018,3.871,15847.4,0,559.812,7.11,0.3,42.5,83.241
BHS,North America,Bahamas,9/23/2020,3467,49,62.143,77,2,1.143,8816.32,124.603,158.025,195.805,5.086,2.906,196,5,2.906,0,0,0,0,0,,0,0,0,0,393248,39.497,27717.847,8.996,5.2,27717.8,0,235.954,13.17,3.1,20.4,0
BHR,Asia,Bahrain,9/23/2020,65752,713,683.857,226,5,1.857,38641.7,419.022,401.895,132.817,2.938,1.091,133,3,1.091,10686,1355400,796.552,6.28,9575,5.627,14.001,0,0,0,1701580,1935.91,43290.705,2.372,1.387,43290.7,0,151.689,16.52,5.8,37.6,0
BGD,Asia,Bangladesh,9/23/2020,352178,1557,1588.86,5007,28,29.286,2138.44,9.454,9.648,30.403,0.17,0.178,30,0,0.178,0,0,0,0,0,,0,0,0,0,164689000,1265.04,3523.984,5.098,3.262,3523.98,14.8,298.003,8.38,1,44.7,34.808
BRB,North America,Barbados,9/23/2020,189,0,0.714,7,0,0,657.686,0,2.486,24.359,0,0,24,0,0,0,0,0,0,0,,0,0,0,0,287371,664.463,16978.068,14.952,9.473,16978.1,0,170.05,13.57,1.9,14.5,88.469
BLR,Europe,Belarus,9/23/2020,76104,206,221.714,791,6,4.286,8053.91,21.801,23.464,83.71,0.635,0.454,84,1,0.454,0,0,0,0,0,,0,0,0,0,9449320,46.858,17167.967,14.799,9.788,17168,0,443.129,5.18,10.5,46.1,0
BEL,Europe,Belgium,9/23/2020,105132,4,940.714,9955,0,2.857,9071.22,0.345,81.169,858.959,0,0.247,859,0,0.247,0,0,0,0,0,,0,0,0,0,11589600,375.564,42658.576,18.571,12.849,42658.6,0.2,114.898,4.29,25.1,31.4,0
BLZ,North America,Belize,9/23/2020,1669,34,20.143,21,0,0.286,4197.46,85.509,50.658,52.814,0,0.719,53,0,0.719,0,0,0,0,0,,0,0,0,0,397621,16.426,7824.362,3.853,2.279,7824.36,0,176.957,17.11,0,0,90.083
BEN,Africa,Benin,9/23/2020,2294,0,3.857,40,0,0,189.224,0,0.318,3.299,0,0,3,0,0,0,0,0,0,0,,0,0,0,0,12123200,99.11,2064.236,3.244,1.942,2064.24,49.6,235.848,0.99,0.6,12.3,11.035
BMU,North America,Bermuda,9/23/2020,180,0,0.429,9,0,0,2890.5,0,6.882,144.525,0,0,145,0,0,0,0,0,0,0,,0,0,0,0,62273,1308.82,50669.315,0,0,50669.3,0,139.547,13,0,0,0
BTN,Asia,Bhutan,9/23/2020,261,0,2.143,0,0,0,338.253,0,2.777,0,0,0,0,0,0,0,0,0,0,0,,0,0,0,0,771612,21.188,8708.597,4.885,2.977,8708.6,1.5,217.066,9.75,0,0,79.807
BOL,South America,Bolivia,9/23/2020,131453,467,452.429,7693,39,35.143,11261.3,40.007,38.758,659.041,3.341,3.011,659,3,3.011,0,0,0,0,0,,0,0,0,0,11673000,10.202,6885.829,6.704,4.393,6885.83,7.1,204.299,6.89,0,0,25.383
BES,North America,Bonaire Sint Eustatius and Sab,9/23/2020,64,8,5.143,1,0,0,2440.79,305.099,196.135,38.137,0,0,38,0,0,0,0,0,0,0,,0,0,0,0,26221,0,22500.111,0,0,0,0,0,0,0,0,0
BIH,Europe,Bosnia and Herzegovina,9/23/2020,25737,221,259,778,15,8.571,7844.7,67.361,78.944,237.136,4.572,2.613,237,5,2.613,0,0,0,0,0,,0,0,0,0,3280820,68.496,11713.895,16.569,10.711,11713.9,0.2,329.635,10.08,30.2,47.7,97.164
BWA,Africa,Botswana,9/23/2020,2567,0,14.857,13,0,0.286,1091.59,0,6.318,5.528,0,0.121,6,0,0.121,0,0,0,0,0,,0,0,0,0,2351620,4.044,15807.374,3.941,2.242,15807.4,0,237.372,4.81,5.7,34.4,0
BRA,South America,Brazil,9/23/2020,4591604,33536,29905.9,138108,836,712.714,21601.5,157.772,140.694,649.738,3.933,3.353,650,4,3.353,0,0,0,0,0,,0,0,0,0,212559000,25.04,14103.452,8.552,5.06,14103.5,3.4,177.961,8.11,10.1,17.9,0
VGB,North America,British Virgin Islands,9/23/2020,71,0,0.714,1,0,0,2348.12,0,23.623,33.072,0,0,33,0,0,0,0,0,0,0,,0,0,0,0,30237,207.973,34246.111,0,0,0,0,0,13.67,0,0,0
BRN,Asia,Brunei,9/23/2020,145,0,0,3,0,0,331.441,0,0,6.857,0,0,7,0,0,0,0,0,0,0,,0,0,0,0,437483,81.347,71809.251,4.591,2.382,71809.2,0,201.285,12.79,2,30.9,0
BGR,Europe,Bulgaria,9/23/2020,19123,109,129.571,767,2,4.429,2752.13,15.687,18.648,110.384,0.288,0.637,110,0,0.637,3049,499066,71.824,0.439,3157,0.454,24.365,0,0,35.19,6948440,65.18,18563.307,20.801,13.272,18563.3,1.5,424.688,5.81,30.1,44.4,0
BFA,Africa,Burkina Faso,9/23/2020,1907,11,24.857,56,0,0,91.23,0.526,1.189,2.679,0,0,3,0,0,0,0,0,0,0,,0,0,0,0,20903300,70.151,1703.102,2.409,1.358,1703.1,43.7,269.048,2.42,1.6,23.9,11.877
BDI,Africa,Burundi,9/23/2020,474,0,0.286,1,0,0,39.863,0,0.024,0.084,0,0,0,0,0,0,0,0,0,0,,0,0,0,0,11890800,423.062,702.225,2.562,1.504,702.225,71.7,293.068,6.05,0,0,6.144
KHM,Asia,Cambodia,9/23/2020,275,0,0,0,0,0,16.448,0,0,0,0,0,0,0,0,0,0,0,0,0,,0,0,0,0,16719000,90.672,3645.07,4.412,2.385,3645.07,0,270.892,4,2,33.7,66.229
CMR,Africa,Cameroon,9/23/2020,20598,0,46.714,416,0,0.143,775.94,0,1.76,15.671,0,0.005,16,0,0.005,0,0,0,0,0,,0,0,0,0,26545900,50.885,3364.926,3.165,1.919,3364.93,23.8,244.661,7.2,0,0,2.735
CAN,North America,Canada,9/23/2020,146663,1248,1122.86,9234,6,6.571,3885.92,33.066,29.751,244.66,0.159,0.174,245,0,0.174,68438,6766980,179.295,1.813,67832,1.797,60.41,0,0,0,37742200,4.037,44017.591,16.984,10.797,44017.6,0.5,105.599,7.37,12,16.6,0
CPV,Africa,Cape Verde,9/23/2020,5281,24,53.857,52,1,0.857,9498.41,43.166,96.867,93.527,1.799,1.542,94,2,1.542,0,0,0,0,0,,0,0,0,0,555988,135.58,6222.554,4.46,3.437,6222.55,0,182.219,2.42,2.1,16.5,0
CYM,North America,Cayman Islands,9/23/2020,210,0,0.286,1,0,0,3195.37,0,4.347,15.216,0,0,15,0,0,0,0,0,0,0,,0,0,0,0,65720,256.496,49903.029,0,0,49903,0,0,13.22,0,0,0
CAF,Africa,Central African Republic,9/23/2020,4802,9,4.286,62,0,0,994.251,1.863,0.887,12.837,0,0,13,0,0,0,0,0,0,0,,0,0,0,0,4829760,7.479,661.24,3.655,2.251,661.24,0,435.727,6.1,0,0,16.603
TCD,Africa,Chad,9/23/2020,1155,2,9.714,81,0,0,70.316,0.122,0.591,4.931,0,0,5,0,0,0,0,0,0,0,,0,0,0,0,16425900,11.833,1768.153,2.486,1.446,1768.15,38.4,280.995,6.1,0,0,5.818
CHL,South America,Chile,9/23/2020,448523,1055,1505.71,12321,23,40.143,23463,55.189,78.766,644.532,1.203,2.1,645,1,2.1,0,0,0,0,0,,0,0,0,0,19116200,24.282,22767.037,11.087,6.938,22767,1.3,127.993,8.46,34.2,41.5,0
CHN,Asia,China,9/23/2020,90399,18,22.286,4737,0,0.143,62.807,0.013,0.015,3.291,0,0,3,0,0,0,0,0,0,0,,0,0,0,0,1439320000,147.674,15308.712,10.641,5.929,15308.7,0.7,261.899,9.74,1.9,48.4,0
COL,South America,Colombia,9/23/2020,777537,7102,6992.43,24570,173,183.143,15280.9,139.575,137.422,482.874,3.4,3.599,483,3,3.599,0,0,0,0,0,,0,0,0,0,50882900,44.223,13254.949,7.646,4.312,13254.9,4.5,124.24,7.44,4.7,13.5,65.386
COM,Africa,Comoros,9/23/2020,470,0,1.857,7,0,0,540.481,0,2.136,8.05,0,0,8,0,0,0,0,0,0,0,,0,0,0,0,869595,437.352,1413.89,2.963,1.726,1413.89,18.1,261.516,11.88,4.4,23.6,15.574
COG,Africa,Congo,9/23/2020,5002,0,9.714,89,0,0.143,906.473,0,1.76,16.129,0,0.026,16,0,0.026,0,0,0,0,0,,0,0,0,0,5518090,15.405,4881.406,3.402,2.063,4881.41,37,344.094,7.2,1.7,52.3,47.964
CRI,North America,Costa Rica,9/23/2020,66689,1087,1221.57,760,15,18.143,13091.4,213.384,239.801,149.192,2.945,3.562,149,3,3.562,0,0,0,0,0,,0,0,0,0,5094110,96.079,15524.995,9.468,5.694,15525,1.3,137.973,8.78,6.4,17.4,83.841
CIV,Africa,Cote d'Ivoire,9/23/2020,19343,16,34.714,120,0,0,733.293,0.607,1.316,4.549,0,0,5,0,0,0,0,0,0,0,,0,0,0,0,26378300,76.399,3601.006,2.933,1.582,3601.01,28.2,303.74,2.42,0,0,19.351
HRV,Europe,Croatia,9/23/2020,15136,144,198.143,255,2,3.571,3686.97,35.077,48.266,62.115,0.487,0.87,62,0,0.87,6387,273684,66.667,1.556,5249,1.279,26.491,0,0,0,4105270,73.726,22669.797,19.724,13.053,22669.8,0.7,253.782,5.59,34.3,39.9,0
CUB,North America,Cuba,9/23/2020,5222,81,59.857,117,1,1.286,461.038,7.151,5.285,10.33,0.088,0.114,10,0,0.114,0,0,0,0,0,,0,0,0,0,11326600,110.408,8822.111,14.738,9.719,0,0,190.968,8.27,17.1,53.3,85.198
CUW,North America,Curacao,9/23/2020,291,9,17.429,1,0,0,1773.31,54.845,106.207,6.094,0,0,6,0,0,0,0,0,0,0,,0,0,0,0,164100,362.644,19567.891,16.367,10.068,0,0,0,11.62,0,0,0
CYP,Europe,Cyprus,9/23/2020,1618,15,11.143,22,0,0,1847.24,17.125,12.722,25.117,0,0,25,0,0,0,0,0,0,0,,0,0,0,0,875899,127.657,32415.132,13.416,8.563,32415.1,0,141.171,9.24,19.6,52.7,0
CZE,Europe,Czech Republic,9/23/2020,53158,2394,2037.43,531,9,7.857,4963.87,223.551,190.254,49.585,0.84,0.734,50,1,0.734,0,0,0,0,0,,0,0,0,0,10709000,137.176,32605.906,19.027,11.58,32605.9,0,227.485,6.82,30.5,38.3,0
COD,Africa,Democratic Republic of Congo,9/23/2020,10522,4,17.286,270,0,0.429,117.484,0.045,0.193,3.015,0,0.005,3,0,0.005,0,0,0,0,0,,0,0,0,0,89561400,35.879,808.133,3.02,1.745,808.133,77.1,318.949,6.1,0,0,4.472
DNK,Europe,Denmark,9/23/2020,23799,476,524.286,641,1,1.143,4108.8,82.179,90.516,110.666,0.173,0.197,111,0,0.197,0,0,0,0,0,,0,0,0,0,5792200,136.52,46682.515,19.677,12.325,46682.5,0.2,114.767,6.41,19.3,18.8,0
DJI,Africa,Djibouti,9/23/2020,5407,3,1.571,61,0,0,5472.66,3.036,1.591,61.741,0,0,62,0,0,0,0,0,0,0,,0,0,0,37.96,988002,41.285,2705.406,4.213,2.38,2705.41,22.5,258.037,6.05,1.7,24.5,0
DMA,North America,Dominica,9/23/2020,24,0,0,0,0,0,333.375,0,0,0,0,0,0,0,0,0,0,0,0,0,,0,0,0,0,71991,98.567,9673.367,0,0,9673.37,0,227.376,11.62,0,0,0
DOM,North America,Dominican Republic,9/23/2020,109269,486,638,2064,10,9.429,10072.8,44.801,58.813,190.267,0.922,0.869,190,1,0.869,0,0,0,0,0,,0,0,0,0,10847900,222.873,14600.861,6.981,4.419,14600.9,1.6,266.653,8.2,8.5,19.1,55.182
ECU,South America,Ecuador,9/23/2020,127643,932,1155.71,11126,31,23.286,7234.74,52.825,65.505,630.616,1.757,1.32,631,2,1.32,0,0,0,0,0,,0,0,0,0,17643100,66.939,10581.936,7.104,4.458,10581.9,3.6,140.448,5.55,2,12.3,80.635
EGY,Africa,Egypt,9/23/2020,102254,113,130.571,5806,19,18.143,999.214,1.104,1.276,56.736,0.186,0.177,57,0,0.177,0,0,0,0,0,,0,0,0,0,102334000,97.999,10550.206,5.159,2.891,10550.2,1.3,525.432,17.31,0.2,50.1,89.827
SLV,North America,El Salvador,9/23/2020,27954,156,113,819,5,3.286,4309.77,24.051,17.422,126.268,0.771,0.507,126,1,0.507,0,0,0,0,0,,0,0,0,0,6486200,307.811,7292.458,8.273,5.417,7292.46,2.2,167.295,8.87,2.5,18.8,90.65
GNQ,Africa,Equatorial Guinea,9/23/2020,5018,0,2.571,83,0,0,3576.66,0,1.833,59.16,0,0,59,0,0,0,0,0,0,0,,0,0,0,0,1402980,45.194,22604.873,2.846,1.752,22604.9,0,202.812,7.78,0,0,24.64
ERI,Africa,Eritrea,9/23/2020,364,0,0.429,0,0,0,102.639,0,0.121,0,0,0,0,0,0,0,0,0,0,0,,0,0,0,0,3546430,44.304,1510.459,3.607,2.171,1510.46,0,311.11,6.05,0.2,11.4,0
EST,Europe,Estonia,9/23/2020,2976,35,36.286,64,0,0,2243.43,26.384,27.354,48.246,0,0,48,0,0,0,0,0,0,0,,0,0,0,0,1326540,31.033,29481.252,19.452,13.491,29481.3,0.5,255.569,4.02,24.5,39.3,0
ETH,Africa,Ethiopia,9/23/2020,70422,713,705.143,1127,19,13.143,612.559,6.202,6.134,9.803,0.165,0.114,10,0,0.114,0,0,0,0,0,,0,0,0,0,114964000,104.957,1729.927,3.526,2.063,1729.93,26.7,182.634,7.47,0.4,8.5,7.96
FRO,Europe,Faeroe Islands,9/23/2020,448,11,2.857,0,0,0,9168.12,225.11,58.47,0,0,0,0,0,0,0,0,0,0,0,,0,0,0,0,48865,35.308,55822.911,0,0,0,0,0,0,0,0,0
FLK,South America,Falkland Islands,9/23/2020,13,0,0,0,0,0,3732.42,0,0,0,0,0,0,0,0,0,0,0,0,0,,0,0,0,0,3483,0,77692.111,0,0,0,0,0,0,0,0,0
FJI,Oceania,Fiji,9/23/2020,32,0,0,2,0,0,35.697,0,0,2.231,0,0,2,0,0,0,0,0,0,0,,0,0,0,0,896444,49.562,8702.975,6.224,3.284,8702.97,1.4,412.82,14.49,10.2,34.8,0
FIN,Europe,Finland,9/23/2020,9195,149,67.143,341,0,0.286,1659.53,26.892,12.118,61.544,0,0.052,62,0,0.052,0,0,0,0,0,,0,0,0,0,5540720,18.136,40585.721,21.228,13.264,40585.7,0,153.507,5.76,18.3,22.6,0
FRA,Europe,France,9/23/2020,468069,10008,10423.6,31416,78,59.571,7170.89,153.324,159.691,481.298,1.195,0.913,481,1,0.913,0,0,0,0,0,,0,0,0,0,65273500,122.578,38605.671,19.718,13.079,38605.7,0,86.06,4.77,30.1,35.6,0
PYF,Oceania,French Polynesia,9/23/2020,1332,0,31.857,5,3,0.429,4741.83,0,113.409,17.8,10.68,1.526,18,11,1.526,0,0,0,0,0,,0,0,0,0,280904,77.324,14323.82,7.775,4.593,0,0,0,22.63,0,0,0
GAB,Africa,Gabon,9/23/2020,8704,0,7.143,54,0,0.143,3910.63,0,3.209,24.262,0,0.064,24,0,0.064,0,0,0,0,0,,0,0,0,66.67,2225730,7.859,16562.413,4.45,2.976,16562.4,3.4,259.967,7.2,0,0,0
GMB,Africa,Gambia,9/23/2020,3540,0,16,110,0,0.714,1464.83,0,6.621,45.517,0,0.296,46,0,0.296,0,0,0,0,0,,0,0,0,0,2416660,207.566,1561.767,2.339,1.417,1561.77,10.1,331.43,1.91,0.7,31.2,7.876
GEO,Asia,Georgia,9/23/2020,4140,227,197.429,24,2,0.714,1037.81,56.904,49.491,6.016,0.501,0.179,6,1,0.179,0,0,0,0,0,,0,0,0,0,3989180,65.032,9745.079,14.864,10.244,9745.08,4.2,496.218,7.11,5.3,55.5,0
DEU,Europe,Germany,9/23/2020,275927,1769,1752,9409,13,5.857,3293.32,21.114,20.911,112.301,0.155,0.07,112,0,0.07,0,0,0,0,0,,0,0,0,0,83783900,237.016,45229.245,21.453,15.957,45229.2,0,156.139,8.31,28.2,33.1,0
GHA,Africa,Ghana,9/23/2020,46116,54,65.857,297,0,0.429,1484.12,1.738,2.119,9.558,0,0.014,10,0,0.014,0,0,0,0,0,,0,0,0,0,31072900,126.719,4227.63,3.385,1.948,4227.63,12,298.245,4.97,0.3,7.7,41.047
GIB,Europe,Gibraltar,9/23/2020,355,5,3,0,0,0,10536.9,148.408,89.045,0,0,0,0,0,0,0,0,0,0,0,,0,0,0,0,33691,3457.1,,0,0,0,0,0,0,0,0,0
GRC,Europe,Greece,9/23/2020,15928,333,314,352,8,5.571,1528.15,31.948,30.126,33.771,0.768,0.535,34,1,0.535,0,0,0,0,0,,0,0,0,0,10423100,83.479,24574.382,20.396,14.524,24574.4,1.5,175.695,4.55,35.3,52,0
GRL,North America,Greenland,9/23/2020,14,0,0,0,0,0,246.6,0,0,0,0,0,0,0,0,0,0,0,0,0,,0,0,0,0,56772,0.137,,0,0,0,0,199.941,2.16,0,0,0
GRD,North America,Grenada,9/23/2020,24,0,0,0,0,0,213.297,0,0,0,0,0,0,0,0,0,0,0,0,0,,0,0,0,0,112519,317.132,13593.877,7.304,5.021,13593.9,0,243.964,10.71,0,0,0
GUM,Oceania,Guam,9/23/2020,2190,43,37.571,37,0,1.429,12975.2,254.765,222.602,219.216,0,8.464,219,0,8.464,0,0,0,0,0,,0,0,0,0,168783,304.128,,9.551,5.493,0,0,310.496,21.52,0,0,0
GTM,North America,Guatemala,9/23/2020,86623,942,562.714,3137,13,21.857,4835.07,52.58,31.409,175.099,0.726,1.22,175,1,1.22,0,0,0,0,0,,0,0,0,0,17915600,157.834,7423.808,4.694,3.016,7423.81,8.7,155.898,10.18,0,0,76.665
GGY,Europe,Guernsey,9/23/2020,256,0,0.429,13,0,0,3817.93,0,6.392,193.879,0,0,194,0,0,0,0,0,0,0,,0,0,0,0,67052,0,,0,0,0,0,0,0,0,0,0
GIN,Africa,Guinea,9/23/2020,10387,43,39.429,65,0,0.286,790.921,3.274,3.002,4.949,0,0.022,5,0,0.022,0,0,0,0,0,,0,0,0,0,13132800,51.755,1998.926,3.135,1.733,1998.93,35.3,336.717,2.42,0,0,17.45
GNB,Africa,Guinea-Bissau,9/23/2020,2303,0,4,39,0,0,1170.22,0,2.033,19.817,0,0,20,0,0,0,0,0,0,0,,0,0,0,0,1968000,66.191,1548.675,3.002,1.565,1548.68,67.1,382.474,2.42,0,0,6.403
GUY,South America,Guyana,9/23/2020,2437,35,68.429,67,2,1.286,3098.3,44.498,86.997,85.181,2.543,1.635,85,3,1.635,0,0,0,0,0,,0,0,0,0,786559,3.952,7435.047,5.305,2.837,7435.05,0,373.159,11.62,0,0,77.159
HTI,North America,Haiti,9/23/2020,8633,9,14.714,223,2,0.429,757.112,0.789,1.29,19.557,0.175,0.038,20,0,0.038,0,0,0,0,0,,0,0,0,0,11402500,398.448,1653.173,4.8,2.954,1653.17,23.5,430.548,6.65,2.9,23.1,22.863
HND,North America,Honduras,9/23/2020,72306,231,526.571,2206,2,17,7300.24,23.322,53.164,222.725,0.202,1.716,223,0,1.716,0,0,0,0,0,,0,0,0,0,9904610,82.805,4541.795,4.652,2.883,4541.79,16,240.208,7.21,2,0,84.169
HUN,Europe,Hungary,9/23/2020,20450,951,855.714,702,8,6.857,2116.9,98.444,88.58,72.668,0.828,0.71,73,1,0.71,13461,645492,66.819,1.393,11114,1.15,12.988,0,0,0,9660350,108.043,26777.561,18.577,11.976,26777.6,0.5,278.296,7.55,26.8,34.8,0
ISL,Europe,Iceland,9/23/2020,2419,42,35,10,0,0,7088.65,123.077,102.564,29.304,0,0,29,0,0,0,0,0,0,0,,0,0,0,0,341250,3.404,46482.958,14.431,9.207,46483,0.2,117.992,5.31,14.3,15.2,0
IND,Asia,India,9/23/2020,5646010,83347,89378.7,90020,1085,1136.29,4091.3,60.396,64.767,65.232,0.786,0.823,65,1,0.823,0,0,0,0,0,,0,0,0,0,1380000000,450.419,6426.674,5.989,3.414,6426.67,21.2,282.28,10.39,1.9,20.6,59.55
IDN,Asia,Indonesia,9/23/2020,252923,4071,3984.71,9837,160,124.571,924.684,14.884,14.568,35.964,0.585,0.455,36,1,0.455,0,0,0,0,0,,0,0,0,0,273524000,145.725,11188.744,5.319,3.053,11188.7,5.7,342.864,6.32,2.8,76.1,64.204
IRN,Asia,Iran,9/23/2020,429193,3712,3120,24656,178,171.857,5109.87,44.194,37.146,293.548,2.119,2.046,294,2,2.046,0,0,0,0,0,,0,0,0,0,83993000,49.831,19082.62,5.44,3.182,19082.6,0.2,270.308,9.59,0.8,21.1,0
IRQ,Asia,Iraq,9/23/2020,327580,4724,4125.43,8682,57,73.714,8144.2,117.447,102.565,215.849,1.417,1.833,216,1,1.833,0,0,0,0,0,,0,0,0,0,40222500,88.125,15663.986,3.186,1.957,15664,2.5,218.612,8.83,0,0,94.576
IRL,Europe,Ireland,9/23/2020,33444,323,270.714,1792,0,0.714,6773.06,65.414,54.825,362.915,0,0.145,363,0,0.145,0,0,0,0,0,,0,0,0,0,4937800,69.874,67335.293,13.928,8.678,67335.3,0.2,126.459,3.28,23,25.7,0
IMN,Europe,Isle of Man,9/23/2020,340,0,0.143,24,0,0,3998.5,0,1.68,282.247,0,0,282,0,0,0,0,0,0,0,,0,0,0,0,85032,147.872,,0,0,0,0,0,0,0,0,0
ISR,Asia,Israel,9/23/2020,193374,795,3797.14,1285,12,19.714,22341.1,91.849,438.695,148.46,1.386,2.278,148,1,2.278,0,0,0,0,0,,0,0,0,0,8655540,402.606,33132.32,11.733,7.359,33132.3,0.5,93.32,6.74,15.4,35.4,0
ITA,Europe,Italy,9/23/2020,300897,1391,1558.14,35738,14,15,4976.64,23.006,25.771,591.084,0.232,0.248,591,0,0.248,0,0,0,0,0,,0,0,0,0,60461800,205.859,35220.084,23.021,16.24,35220.1,2,113.151,4.78,19.8,27.8,0
JAM,North America,Jamaica,9/23/2020,5251,129,172.714,75,5,4.143,1773.29,43.564,58.327,25.328,1.689,1.399,25,2,1.399,0,0,0,0,0,,0,0,0,0,2961160,266.879,8193.571,9.684,6.39,8193.57,0,206.537,11.28,5.3,28.6,66.425
JPN,Asia,Japan,9/23/2020,79768,330,474.286,1512,4,7.286,630.694,2.609,3.75,11.955,0.032,0.058,12,0,0.058,0,0,0,0,0,,0,0,0,37.04,126476000,347.778,39002.223,27.049,18.493,39002.2,0,79.37,5.72,11.2,33.7,0
JEY,Europe,Jersey,9/23/2020,398,2,1.714,32,0,0,3937.75,19.788,16.961,316.603,0,0,317,0,0,0,0,0,0,0,,0,0,0,0,101073,0,,0,0,0,0,0,0,0,0,0
JOR,Asia,Jordan,9/23/2020,5679,634,286,33,1,1,556.593,62.138,28.031,3.234,0.098,0.098,3,0,0.098,0,0,0,0,0,,0,0,0,0,10203100,109.285,8337.49,3.81,2.361,8337.49,0.1,208.257,11.75,0,0,0
KAZ,Asia,Kazakhstan,9/23/2020,138982,440,274.857,2044,28,5.857,7401.83,23.433,14.638,108.858,1.491,0.312,109,1,0.312,0,0,0,0,0,,0,0,0,0,18776700,6.681,24055.588,6.991,4.625,24055.6,0.1,466.792,7.11,7,43.1,98.999
KEN,Africa,Kenya,9/23/2020,37218,139,144.714,659,9,5,692.154,2.585,2.691,12.256,0.167,0.093,12,0,0.093,0,0,0,0,0,,0,0,0,0,53771300,87.324,2993.028,2.686,1.528,2993.03,36.8,218.637,2.92,1.2,20.4,24.651
OWI,Europe,Kosovo,9/23/2020,15208,66,63.571,615,0,2,7868.48,34.148,32.891,318.196,0,1.035,318,0,1.035,0,0,0,0,0,,0,0,0,0,1932770,168.155,9795.834,0,0,9795.83,0.6,0,0,0,0,0
KWT,Asia,Kuwait,9/23/2020,100683,719,626,588,3,2.857,23576,168.362,146.585,137.687,0.702,0.669,138,1,0.669,0,0,0,0,0,,0,0,0,0,4270560,232.128,65530.537,2.345,1.114,65530.5,0,132.235,15.84,2.7,37,0
KGZ,Asia,Kyrgyzstan,9/23/2020,45630,88,79.714,1063,0,0,6993.97,13.488,12.218,162.932,0,0,163,0,0,0,0,0,0,0,,0,0,0,0,6524190,32.333,3393.474,4.489,2.882,3393.47,1.4,436.362,7.11,3.6,50.5,89.22
LAO,Asia,Laos,9/23/2020,23,0,0,0,0,0,3.161,0,0,0,0,0,0,0,0,0,0,0,0,0,,0,0,0,0,7275560,29.715,6397.36,4.029,2.322,6397.36,22.7,368.111,4,7.3,51.2,49.839
LVA,Europe,Latvia,9/23/2020,1560,34,11.143,36,0,0.143,827.059,18.026,5.908,19.086,0,0.076,19,0,0.076,2733,301818,160.014,1.449,2277,1.207,204.346,0,0,0,1886200,31.212,25063.846,19.754,14.136,25063.8,0.7,350.06,4.91,25.6,51,0
LBN,Asia,Lebanon,9/23/2020,30852,865,771.857,315,8,9,4520.15,126.732,113.085,46.151,1.172,1.319,46,1,1.319,0,0,0,0,0,,0,0,0,0,6825440,594.561,13367.565,8.514,5.43,13367.6,0,266.591,12.71,26.9,40.7,0
LSO,Africa,Lesotho,9/23/2020,1424,0,25.571,33,0,0,664.721,0,11.937,15.404,0,0,15,0,0,0,0,0,0,0,,0,0,0,0,2142250,73.562,2851.153,4.506,2.647,2851.15,59.6,405.126,3.94,0.4,53.9,2.117
LBR,Africa,Liberia,9/23/2020,1336,0,1.286,82,0,0,264.153,0,0.254,16.213,0,0,16,0,0,0,0,0,0,0,,0,0,0,0,5057680,49.127,752.788,3.057,1.756,752.788,38.6,272.509,2.42,1.5,18.1,1.188
LBY,Africa,Libya,9/23/2020,29446,650,757.429,464,10,11.571,4285.37,94.597,110.231,67.527,1.455,1.684,68,1,1.684,0,0,0,0,0,,0,0,0,0,6871290,3.623,17881.509,4.424,2.816,17881.5,0,341.862,10.43,0,0,0
LIE,Europe,Liechtenstein,9/23/2020,116,2,0.714,1,0,0,3041.67,52.443,18.729,26.221,0,0,26,0,0,0,0,0,0,0,,0,0,0,0,38137,237.012,,0,0,0,0,0,7.77,0,0,0
LTU,Europe,Lithuania,9/23/2020,3859,45,59.571,87,0,0,1417.56,16.53,21.883,31.958,0,0,32,0,0,5649,737561,270.934,2.075,4477,1.645,75.153,0,0,0,2722290,45.135,29524.265,19.002,13.778,29524.3,0.7,342.989,3.67,21.3,38,0
LUX,Europe,Luxembourg,9/23/2020,8016,100,104.571,124,0,0,12805.6,159.751,167.053,198.091,0,0,198,0,0,0,0,0,0,0,,0,0,0,0,625976,231.447,94277.965,14.312,9.842,94278,0.2,128.275,4.42,20.9,26,0
MKD,Europe,Macedonia,9/23/2020,16867,87,134.571,705,5,6.286,8095.98,41.759,64.593,338.392,2.4,3.017,338,2,3.017,0,0,0,0,0,,0,0,0,0,2083380,82.6,13111.214,13.26,8.16,13111.2,5,322.688,10.08,0,0,0
MDG,Africa,Madagascar,9/23/2020,16136,63,47.571,226,1,1.714,582.716,2.275,1.718,8.161,0.036,0.062,8,0,0.062,0,0,0,0,0,,0,0,0,0,27691000,43.951,1416.44,2.929,1.686,1416.44,77.6,405.994,3.94,0,0,50.54
MWI,Africa,Malawi,9/23/2020,5737,4,5.143,179,0,0.143,299.896,0.209,0.269,9.357,0,0.007,9,0,0.007,0,0,0,0,0,,0,0,0,0,19130000,197.519,1095.042,2.979,1.783,1095.04,71.4,227.349,3.94,4.4,24.7,8.704
MYS,Asia,Malaysia,9/23/2020,10358,82,55.571,130,0,0.286,320.027,2.534,1.717,4.017,0,0.009,4,0,0.009,0,0,0,0,0,,0,0,0,0,32366000,96.254,26808.164,6.293,3.407,26808.2,0.1,260.942,16.74,1,42.4,0
MDV,Asia,Maldives,9/23/2020,9818,48,70,34,0,0.143,18163.3,88.8,129.5,62.9,0,0.264,63,0,0.264,0,0,0,0,0,,0,0,0,0,540542,1454.43,15183.616,4.12,2.875,15183.6,0,164.905,9.19,2.1,55,95.803
MLI,Africa,Mali,9/23/2020,3030,6,12.857,129,1,0.143,149.623,0.296,0.635,6.37,0.049,0.007,6,0,0.007,0,0,0,0,0,,0,0,0,0,20250800,15.196,2014.306,2.519,1.486,2014.31,0,268.024,2.42,1.6,23,52.232
MLT,Europe,Malta,9/23/2020,2814,180,51.286,23,6,1,6373.16,407.665,116.152,52.091,13.589,2.265,52,14,2.265,0,0,0,0,0,,0,0,0,0,441539,1454.04,36513.323,19.426,11.324,36513.3,0.2,168.711,8.83,20.9,30.2,0
MRT,Africa,Mauritania,9/23/2020,7384,0,9.286,161,0,0,1588.07,0,1.997,34.626,0,0,35,0,0,0,0,0,0,0,,0,0,0,0,4649660,4.289,3597.633,3.138,1.792,3597.63,6,232.347,2.42,0,0,15.95
MUS,Africa,Mauritius,9/23/2020,367,0,0.714,10,0,0,288.575,0,0.562,7.863,0,0,8,0,0,0,0,0,0,0,,0,0,0,0,1271770,622.962,20292.745,10.945,5.884,20292.7,0.5,224.644,22.02,3.2,40.7,0
MEX,North America,Mexico,9/23/2020,705263,4683,4110.86,74348,651,381.429,5470.01,36.321,31.884,576.642,5.049,2.958,577,5,2.958,0,0,0,0,0,,0,0,0,0,128933000,66.444,17336.469,6.857,4.321,17336.5,2.5,152.783,13.06,6.9,21.4,87.847
MDA,Europe,Moldova,9/23/2020,47446,650,530.286,1230,19,12.286,11761.6,161.132,131.455,304.911,4.71,3.046,305,5,3.046,0,0,0,0,0,,0,0,0,0,4033960,123.655,5189.972,10.864,6.955,5189.97,0.2,408.502,5.72,5.9,44.6,86.979
MCO,Europe,Monaco,9/23/2020,197,2,2.714,1,0,0,5019.88,50.963,69.164,25.482,0,0,25,0,0,0,0,0,0,0,,0,0,0,0,39244,19347.5,,0,0,0,0,0,5.46,0,0,0
MNG,Asia,Mongolia,9/23/2020,313,0,0.286,0,0,0,95.477,0,0.087,0,0,0,0,0,0,0,0,0,0,0,,0,0,0,0,3278290,1.98,11840.846,4.031,2.421,11840.8,0.5,460.043,4.82,5.5,46.5,71.18
MNE,Europe,Montenegro,9/23/2020,9138,296,296.714,146,8,3.286,14549.5,471.291,472.428,232.461,12.738,5.232,232,13,5.232,0,0,0,0,0,,0,0,0,0,628062,46.28,16409.288,14.762,9.395,16409.3,1,387.305,10.08,44,47.9,0
MSR,North America,Montserrat,9/23/2020,13,0,0,1,0,0,2600.52,0,0,200.04,0,0,200,0,0,0,0,0,0,0,,0,0,0,0,4999,0,,0,0,0,0,0,0,0,0,0
MAR,Africa,Morocco,9/23/2020,105346,2227,2146,1889,34,34.429,2854.09,60.335,58.141,51.178,0.921,0.933,51,1,0.933,0,0,0,0,0,,0,0,0,0,36910600,80.08,7485.013,6.769,4.209,7485.01,1,419.146,7.14,0.8,47.1,0
MOZ,Africa,Mozambique,9/23/2020,7114,202,200.143,45,1,1.143,227.608,6.463,6.403,1.44,0.032,0.037,1,0,0.037,0,0,0,0,0,,0,0,0,0,31255400,37.728,1136.103,3.158,1.87,1136.1,62.9,329.942,3.3,5.1,29.1,12.227
MMR,Asia,Myanmar,9/23/2020,6959,488,474.714,116,16,11,127.9,8.969,8.725,2.132,0.294,0.202,2,0,0.202,0,0,0,0,0,,0,0,0,0,54409800,81.721,5591.597,5.732,3.12,5591.6,6.4,202.104,4.61,6.3,35.2,79.287
NAM,Africa,Namibia,9/23/2020,10607,81,100.857,116,3,1.429,4174.48,31.878,39.693,45.653,1.181,0.562,46,1,0.562,0,0,0,0,0,,0,0,0,0,2540920,3.078,9541.808,3.552,2.085,9541.81,13.4,243.811,3.94,9.7,34.2,44.6
NPL,Asia,Nepal,9/23/2020,66632,1356,1406.29,429,2,8.286,2286.87,46.539,48.265,14.724,0.069,0.284,15,0,0.284,0,0,0,0,0,,0,0,0,0,29136800,204.43,2442.804,5.809,3.212,2442.8,15,260.797,7.26,9.5,37.8,47.782
NLD,Europe,Netherlands,9/23/2020,98142,2243,1920.71,6282,10,4.714,5727.62,130.903,112.094,366.621,0.584,0.275,367,1,0.275,0,0,0,0,0,,0,0,0,0,17134900,508.544,48472.545,18.779,11.881,48472.5,0,109.361,5.29,24.4,27.3,0
NCL,Oceania,New Caledonia,9/23/2020,26,0,0,0,0,0,91.071,0,0,0,0,0,0,0,0,0,0,0,0,0,,0,0,0,0,285491,15.342,,9.954,6.489,0,0,0,23.36,0,0,0
NZL,Oceania,New Zealand,9/23/2020,1468,4,2.429,25,0,0,304.423,0.829,0.504,5.184,0,0,5,0,0,0,0,0,0,0,,0,0,0,0,4822230,18.206,36085.843,15.322,9.72,36085.8,0,128.797,8.08,14.8,17.2,0
NIC,North America,Nicaragua,9/23/2020,4961,0,0,147,0,0,748.881,0,0,22.19,0,0,22,0,0,0,0,0,0,0,,0,0,0,0,6624550,51.667,5321.444,5.445,3.519,5321.44,3.2,137.016,11.47,0,0,0
NER,Africa,Niger,9/23/2020,1193,4,1.857,69,0,0,49.284,0.165,0.077,2.85,0,0,3,0,0,0,0,0,0,0,,0,0,0,0,24206600,16.955,926,2.553,1.378,926,44.5,238.339,2.42,0.1,15.4,8.978
NGA,Africa,Nigeria,9/23/2020,57613,176,162.143,1100,0,1.714,279.485,0.854,0.787,5.336,0,0.008,5,0,0.008,0,484051,2.348,0,4380,0.021,27.013,0,0,0,206140000,209.588,5338.454,2.751,1.447,5338.45,0,181.013,2.42,0.6,10.8,41.949
MNP,Oceania,Northern Mariana Islands,9/23/2020,69,0,1.143,2,0,0,1198.81,0,19.856,34.748,0,0,35,0,0,0,0,0,0,0,,0,0,0,0,57557,119.878,,0,0,0,0,194.994,0,0,0,0
NOR,Europe,Norway,9/23/2020,13000,104,103.286,267,0,0.286,2397.97,19.184,19.052,49.251,0,0.053,49,0,0.053,0,0,0,0,0,,0,0,0,0,5421240,14.462,64800.057,16.821,10.813,64800.1,0.2,114.316,5.31,19.6,20.7,0
OMN,Asia,Oman,9/23/2020,94711,660,578.714,865,12,9.714,18546.7,129.244,113.326,169.388,2.35,1.902,169,2,1.902,0,0,0,0,0,,0,0,0,0,5106620,14.98,37960.709,2.355,1.53,37960.7,0,266.342,12.61,0.5,15.6,97.4
PAK,Asia,Pakistan,9/23/2020,307418,532,618.429,6432,8,5.571,1391.71,2.408,2.8,29.118,0.036,0.025,29,0,0.025,33744,3264220,14.777,0.153,34176,0.155,55.263,0,0,0,220892000,255.573,5034.708,4.495,2.78,5034.71,4,423.031,8.35,2.8,36.7,59.607
PSE,Asia,Palestine,9/23/2020,46614,557,743,314,5,7.571,9137.46,109.185,145.646,61.552,0.98,1.484,62,1,1.484,0,0,0,0,0,,0,0,0,0,5101420,778.202,4449.898,3.043,1.726,4449.9,1,265.91,10.59,0,0,0
PAN,North America,Panama,9/23/2020,107284,474,636,2285,13,14,24864.4,109.855,147.401,529.577,3.013,3.245,530,3,3.245,0,0,0,0,0,,0,0,0,0,4314770,55.133,22267.037,7.918,5.03,22267,2.2,128.346,8.33,2.4,9.9,0
PNG,Oceania,Papua New Guinea,9/23/2020,527,1,2.286,7,0,0.143,58.902,0.112,0.255,0.782,0,0.016,1,0,0.016,0,0,0,0,0,,0,0,0,0,8947030,18.22,3823.194,3.808,2.142,3823.19,0,561.494,17.65,23.5,48.8,0
PRY,South America,Paraguay,9/23/2020,34828,568,790,705,29,21.857,4882.98,79.635,110.76,98.843,4.066,3.064,99,4,3.064,0,0,0,0,0,,0,0,0,0,7132530,17.144,8827.01,6.378,3.833,8827.01,1.7,199.128,8.27,5,21.6,79.602
PER,South America,Peru,9/23/2020,776546,3650,5503.71,31586,112,94.143,23551.8,110.701,166.922,957.969,3.397,2.855,958,3,2.855,0,0,0,0,0,,0,0,0,0,32971800,25.129,12236.706,7.151,4.455,12236.7,3.5,85.755,5.95,4.8,0,0
PHL,Asia,Philippines,9/23/2020,291789,1599,3197.43,5049,50,55.143,2662.77,14.592,29.179,46.075,0.456,0.503,46,0,0.503,0,0,0,0,0,,0,0,0,0,109581000,351.873,7599.188,4.803,2.661,7599.19,0,370.437,7.07,7.8,40.8,78.463
POL,Europe,Poland,9/23/2020,80699,711,795,2316,18,12.714,2132.26,18.786,21.006,61.194,0.476,0.336,61,0,0.336,0,0,0,0,0,,0,0,0,0,37846600,124.027,27216.445,16.763,10.202,27216.4,0,227.331,5.91,23.3,33.1,0
PRT,Europe,Portugal,9/23/2020,69663,463,663.143,1925,5,7.143,6831.91,45.407,65.035,188.786,0.49,0.701,189,0,0.701,0,0,0,0,0,,0,0,0,0,10196700,112.371,27936.896,21.502,14.924,27936.9,0.5,127.842,9.85,16.3,30,0
PRI,North America,Puerto Rico,9/23/2020,42596,120,632,613,4,8.857,14889.3,41.946,220.914,214.273,1.398,3.096,214,1,3.096,0,0,0,0,0,,0,0,0,0,2860840,376.232,35044.67,15.168,9.829,35044.7,0,108.094,12.9,0,0,0
QAT,Asia,Qatar,9/23/2020,123917,313,243.286,211,0,0.429,43010.9,108.641,84.443,73.237,0,0.149,73,0,0.149,0,0,0,0,0,,0,0,0,0,2881060,227.322,116935.6,1.307,0.617,116936,0,176.69,16.52,0.8,26.9,0
ROU,Europe,Romania,9/23/2020,114648,1059,1335.71,4503,45,38.143,5959.55,55.048,69.432,234.072,2.339,1.983,234,2,1.983,0,0,0,0,0,,0,0,0,0,19237700,85.129,23313.199,17.85,11.69,23313.2,5.7,370.946,9.74,22.9,37.1,0
RUS,Europe,Russia,9/23/2020,1115810,6215,5994.43,19649,160,123.429,7645.97,42.588,41.076,134.643,1.096,0.846,135,1,0.846,0,0,0,0,0,,0,0,0,0,145934000,8.823,24765.954,14.178,9.393,24766,0.1,431.297,6.18,23.4,58.3,0
RWA,Africa,Rwanda,9/23/2020,4738,16,16.286,27,0,0.714,365.806,1.235,1.257,2.085,0,0.055,2,0,0.055,0,0,0,0,0,,0,0,0,0,12952200,494.869,1854.211,2.974,1.642,1854.21,56,191.375,4.28,4.7,21,4.617
KNA,North America,Saint Kitts and Nevis,9/23/2020,19,0,0.286,0,0,0,357.197,0,5.371,0,0,0,0,0,0,0,0,0,0,0,,0,0,0,0,53192,212.865,24654.385,0,0,24654.4,0,0,12.84,0,0,0
LCA,North America,Saint Lucia,9/23/2020,27,0,0,0,0,0,147.036,0,0,0,0,0,0,0,0,0,0,0,0,0,,0,0,0,0,183629,293.187,12951.839,9.721,6.405,12951.8,0,204.62,11.62,0,0,87.202
VCT,North America,Saint Vincent and the Grenadin,9/23/2020,64,0,0,0,0,0,576.852,0,0,0,0,0,0,0,0,0,0,0,0,0,,0,0,0,0,110947,281.787,10727.146,7.724,4.832,10727.1,0,252.675,11.62,0,0,0
SMR,Europe,San Marino,9/23/2020,723,0,0,42,0,0,21303.6,0,0,1237.551,0,0,1238,0,0,0,0,0,0,0,,0,0,0,0,33938,556.667,56861.47,0,0,56861.5,0,0,5.64,0,0,0
STP,Africa,Sao Tome and Principe,9/23/2020,908,0,0.143,15,0,0,4143.07,0,0.652,68.443,0,0,68,0,0,0,0,0,0,0,,0,0,0,0,219161,212.841,3052.714,2.886,2.162,3052.71,32.3,270.113,2.42,0,0,41.34
SAU,Asia,Saudi Arabia,9/23/2020,330798,552,552.571,4542,30,29.143,9501.9,15.856,15.872,130.465,0.862,0.837,130,1,0.837,0,0,0,0,0,,0,0,0,0,34813900,15.322,49045.411,3.295,1.845,49045.4,0,259.538,17.72,1.8,25.4,0
SEN,Africa,Senegal,9/23/2020,14759,21,32.857,302,0,0.571,881.454,1.254,1.962,18.036,0,0.034,18,0,0.034,0,0,0,0,0,,0,0,0,0,16743900,82.328,2470.58,3.008,1.796,2470.58,38,241.219,2.42,0.4,16.6,20.859
SRB,Europe,Serbia,9/23/2020,32999,61,69.714,743,0,1.143,4849.52,8.965,10.245,109.191,0,0.168,109,0,0.168,0,0,0,0,0,,0,0,0,0,6804600,80.291,14048.881,17.366,0,14048.9,0,439.415,10.08,37.7,40.2,97.719
SYC,Africa,Seychelles,9/23/2020,143,0,0.429,0,0,0,1454.14,0,4.358,0,0,0,0,0,0,0,0,0,0,0,,0,0,0,0,98340,208.354,26382.287,8.606,5.586,26382.3,1.1,242.648,10.55,7.1,35.7,0
SLE,Africa,Sierra Leone,9/23/2020,2174,6,6.857,72,0,0,272.534,0.752,0.86,9.026,0,0,9,0,0,0,0,0,0,0,,0,0,0,0,7976980,104.7,1390.3,2.538,1.285,1390.3,52.2,325.721,2.42,8.8,41.3,19.275
SGP,Asia,Singapore,9/23/2020,57627,21,19.857,27,0,0,9850.19,3.59,3.394,4.615,0,0,5,0,0,0,0,0,0,0,,0,0,0,0,5850340,7915.73,85535.383,12.922,7.049,85535.4,0,92.243,10.99,5.2,28.3,0
SXM,North America,Sint Maarten (Dutch part),9/23/2020,594,3,6.429,20,0,0.143,13852,69.959,149.913,466.396,0,3.331,466,0,3.331,0,0,0,0,0,,0,0,0,0,42882,1209.09,36327.232,0,0,36327.2,0,0,0,0,0,0
SVK,Europe,Slovakia,9/23/2020,6931,175,166.143,40,1,0.286,1269.5,32.053,30.431,7.326,0.183,0.052,7,0,0.052,6231,423095,77.495,1.141,4230,0.775,25.46,0,0,0,5459640,113.128,30155.152,15.07,9.167,30155.2,0.7,287.959,7.29,23.1,37.7,0
SVN,Europe,Slovenia,9/23/2020,4558,88,103,133,0,0.286,2192.47,42.329,49.545,63.975,0,0.137,64,0,0.137,0,0,0,0,0,,0,0,0,0,2078930,102.619,31400.84,19.062,12.93,31400.8,0,153.493,7.25,20.1,25,0
SOM,Africa,Somalia,9/23/2020,3465,0,10.857,98,0,0,218.018,0,0.683,6.166,0,0,6,0,0,0,0,0,0,0,,0,0,0,0,15893200,23.5,,2.731,1.496,0,0,365.769,6.05,0,0,9.831
ZAF,Africa,South Africa,9/23/2020,663282,1346,1680.14,16118,126,68.143,11183.6,22.695,28.329,271.765,2.124,1.149,272,2,1.149,0,0,0,0,0,,0,0,0,0,59308700,46.754,12294.876,5.344,3.053,12294.9,18.9,200.38,5.52,8.1,33.2,43.993
KOR,Asia,South Korea,9/23/2020,23216,110,101.714,388,0,3,452.826,2.146,1.984,7.568,0,0.059,8,0,0.059,14482,2236370,43.62,0.282,11912,0.232,117.112,0,0,0,51269200,527.967,35938.374,13.914,8.622,35938.4,0.2,85.998,6.8,6.2,40.9,0
SSD,Africa,South Sudan,9/23/2020,2660,11,9.714,49,0,0,237.633,0.983,0.868,4.377,0,0,4,0,0,0,0,0,0,0,,0,0,0,0,11193700,0,1569.888,3.441,2.032,1569.89,0,280.775,10.43,0,0,0
LKA,Asia,Sri Lanka,9/23/2020,3313,14,6,13,0,0,154.717,0.654,0.28,0.607,0,0,1,0,0,0,0,0,0,0,,0,0,0,0,21413200,341.955,11669.077,10.069,5.331,11669.1,0.7,197.093,10.68,0.3,27,0
SDN,Africa,Sudan,9/23/2020,13578,23,6.143,836,0,0,309.652,0.525,0.14,19.065,0,0,19,0,0,0,0,0,0,0,,0,0,0,0,43849300,23.258,4466.507,3.548,2.034,4466.51,0,431.388,15.67,0,0,23.437
SUR,South America,Suriname,9/23/2020,4759,19,19.143,100,3,0.714,8112.38,32.388,32.632,170.464,5.114,1.218,170,5,1.218,0,0,0,0,0,,0,0,0,0,586634,3.612,13767.119,6.933,4.229,13767.1,0,258.314,12.54,7.4,42.9,67.779
SWZ,Africa,Swaziland,9/23/2020,5307,25,25.571,106,2,0.714,4574.35,21.549,22.041,91.366,1.724,0.616,91,2,0.616,0,0,0,0,0,,0,0,0,0,1160160,79.492,7738.975,3.163,1.845,7738.98,0,333.436,3.94,1.7,16.5,24.097
CHE,Europe,Switzerland,9/23/2020,50548,284,415.429,1772,3,3.571,5840.58,32.815,48.001,204.746,0.347,0.413,205,0,0.413,0,0,0,0,0,,0,0,0,0,8654620,214.243,57410.166,18.436,12.644,57410.2,0,99.739,5.59,22.6,28.9,0
SYR,Asia,Syria,9/23/2020,3877,44,37.571,178,3,2.571,221.535,2.514,2.147,10.171,0.171,0.147,10,0,0.147,0,0,0,0,0,,0,0,0,0,17500700,0,,0,2.577,0,0,376.264,0,0,0,70.598
TWN,Asia,Taiwan,9/23/2020,509,0,1.286,7,0,0,21.371,0,0.054,0.294,0,0,0,0,0,0,0,0,0,0,,0,0,0,0,23816800,0,,0,8.353,0,0,103.957,0,0,0,0
TJK,Asia,Tajikistan,9/23/2020,9432,44,43.286,73,0,0,988.924,4.613,4.538,7.654,0,0,8,0,0,0,0,0,0,0,,0,0,0,0,9537640,64.281,2896.913,3.466,2.155,2896.91,4.8,427.698,7.11,0,0,72.704
TZA,Africa,Tanzania,9/23/2020,509,0,0,21,0,0,8.521,0,0,0.352,0,0,0,0,0,0,0,0,0,0,,0,0,0,0,59734200,64.699,2683.304,3.108,1.874,2683.3,49.1,217.288,5.75,3.3,26.7,47.953
THA,Asia,Thailand,9/23/2020,3514,3,3.429,59,0,0.143,50.344,0.043,0.049,0.845,0,0.002,1,0,0.002,0,0,0,0,0,,0,0,0,0,69800000,135.132,16277.671,11.373,6.89,16277.7,0.1,109.861,7.04,1.9,38.8,90.67
TLS,Asia,Timor,9/23/2020,27,0,0,0,0,0,20.479,0,0,0,0,0,0,0,0,0,0,0,0,0,,0,0,0,0,1318440,87.176,6570.102,3.556,1.897,6570.1,30.3,335.346,6.86,6.3,78.1,28.178
TGO,Africa,Togo,9/23/2020,1683,14,12.571,41,0,0.143,203.292,1.691,1.519,4.952,0,0.017,5,0,0.017,0,0,0,0,0,,0,0,0,0,8278740,143.366,1429.813,2.839,1.525,1429.81,49.2,280.033,6.15,0.9,14.2,10.475
TTO,North America,Trinidad and Tobago,9/23/2020,4026,81,114.714,65,0,1.286,2876.76,57.878,81.969,46.445,0,0.919,46,0,0.919,0,0,0,0,0,,0,0,0,0,1399490,266.886,28763.071,10.014,5.819,28763.1,0,228.467,10.97,0,0,89.443
TUN,Africa,Tunisia,9/23/2020,11260,0,519.571,164,0,5.857,952.734,0,43.962,13.876,0,0.496,14,0,0.496,0,0,0,0,0,,0,0,0,0,11818600,74.228,10849.297,8.001,5.075,10849.3,2,318.991,8.52,1.1,65.8,78.687
TUR,Asia,Turkey,9/23/2020,306302,1692,1668.86,7639,65,64.714,3631.79,20.062,19.787,90.575,0.771,0.767,91,1,0.767,0,0,0,0,0,,0,0,0,0,84339100,104.914,25129.341,8.153,5.061,25129.3,0.2,171.285,12.13,14.1,41.1,0
TCA,North America,Turks and Caicos Islands,9/23/2020,672,4,3.143,5,0,0,17356.3,103.311,81.173,129.139,0,0,129,0,0,0,0,0,0,0,,0,0,0,0,38718,37.312,,0,0,0,0,0,0,0,0,0
UGA,Africa,Uganda,9/23/2020,6712,244,227,64,1,0.857,146.739,5.334,4.963,1.399,0.022,0.019,1,0,0.019,0,0,0,0,0,,0,0,0,0,45741000,213.759,1697.707,2.168,1.308,1697.71,41.6,213.333,2.5,3.4,16.7,21.222
UKR,Europe,Ukraine,9/23/2020,181237,2884,2653.86,3642,59,43.143,4144.1,65.944,60.682,83.277,1.349,0.986,83,1,0.986,22895,2102380,48.072,0.524,25271,0.578,9.522,0,0,0,43733800,77.39,7894.393,16.462,11.133,7894.39,0.1,539.849,7.11,13.5,47.4,0
ARE,Asia,United Arab Emirates,9/23/2020,86447,852,786.714,405,0,0.571,8740.5,86.144,79.543,40.949,0,0.058,41,0,0.058,0,0,0,0,0,,0,0,0,0,9890400,112.442,67293.483,1.144,0.526,67293.5,0,317.84,17.26,1.2,37.4,0
GBR,Europe,United Kingdom,9/23/2020,403551,4926,4189,41825,37,23,5944.54,72.563,61.706,616.106,0.545,0.339,616,1,0.339,0,0,0,0,0,,0,0,0,0,67886000,272.898,39753.244,18.517,12.527,39753.2,0.2,122.137,4.28,20,24.7,0
USA,North America,United States,9/23/2020,6896274,38307,41425.9,200807,926,695.714,20834.5,115.73,125.153,606.663,2.798,2.102,607,3,2.102,0,0,0,0,0,,0,0,0,0,331003000,35.608,54225.446,15.413,9.732,54225.4,1.2,151.089,10.79,19.1,24.6,0
VIR,North America,United States Virgin Islands,9/23/2020,1278,9,6.571,19,0,0,12238.7,86.188,62.931,181.952,0,0,182,0,0,0,0,0,0,0,,0,0,0,0,104423,306.48,,18.601,10.799,0,0,273.67,12.26,0,0,0
URY,South America,Uruguay,9/23/2020,1934,7,15.286,46,0,0.143,556.751,2.015,4.4,13.242,0,0.041,13,0,0.041,0,0,0,0,0,,0,0,0,0,3473730,19.751,20551.409,14.655,10.361,20551.4,0.1,160.708,6.93,14,19.9,0
UZB,Asia,Uzbekistan,9/23/2020,53051,560,610.714,443,3,5.429,1585.07,16.732,18.247,13.236,0.09,0.162,13,0,0.162,0,0,0,0,0,,0,0,0,0,33469200,76.134,6253.104,4.469,2.873,6253.1,0,724.417,7.57,1.3,24.7,0
VAT,Europe,Vatican,9/23/2020,12,0,0,0,0,0,14833.1,0,0,0,0,0,0,0,0,0,0,0,0,0,,0,0,0,0,809,0,,0,0,0,0,0,0,0,0,0
VEN,South America,Venezuela,9/23/2020,68453,1010,828.286,564,9,8.857,2407.27,35.518,29.128,19.834,0.317,0.311,20,0,0.311,0,0,0,0,0,,0,0,0,0,28435900,36.253,16745.022,6.614,3.915,16745,0,204.85,6.47,0,0,0
VNM,Asia,Vietnam,9/23/2020,1068,0,0.714,35,0,0,10.972,0,0.007,0.36,0,0,0,0,0,0,0,0,0,0,,0,0,0,0,97338600,308.127,6171.884,7.15,4.718,6171.88,2,245.465,6,1,45.9,85.847
ESH,Africa,Western Sahara,9/23/2020,766,0,0,1,0,0,1282.37,0,0,1.674,0,0,2,0,0,0,0,0,0,0,,0,0,0,0,597330,0,,0,1.38,0,0,0,0,0,0,0
YEM,Asia,Yemen,9/23/2020,2032,2,2.286,587,0,0.571,68.129,0.067,0.077,19.681,0,0.019,20,0,0.019,0,0,0,0,0,,0,0,0,0,29826000,53.508,1479.147,2.922,1.583,1479.15,18.8,495.003,5.35,7.6,29.2,49.542
ZMB,Africa,Zambia,9/23/2020,14389,214,81.429,331,0,1,782.693,11.641,4.429,18.005,0,0.054,18,0,0.054,0,0,0,0,0,,0,0,0,0,18384000,22.995,3689.251,2.48,1.542,3689.25,57.5,234.499,3.94,3.1,24.7,13.938
ZWE,Africa,Zimbabwe,9/23/2020,7711,5,19.286,226,0,0.286,518.808,0.336,1.298,15.206,0,0.019,15,0,0.019,0,0,0,0,0,,0,0,0,0,14862900,42.729,1899.775,2.822,1.882,1899.78,21.4,307.846,1.82,1.6,30.7,36.791
OWI,,World,9/23/2020,31658573,267687,290257,971869,5937,5120.29,4061.5,34.342,37.237,124.682,0.762,0.657,125,1,0.657,0,0,0,0,0,,0,0,0,0,7794800000,58.045,15469.207,8.696,5.355,15469.2,10,233.07,8.51,6.434,34.635,60.13
,,International,9/23/2020,696,0,0,7,0,0,0,0,0,,,,0,0,0,0,0,0,0,0,,0,0,0,0,0,0,0,0,0,0,0,0,0,0,0,0
